espn_id,date,kickoff_utc,stage,home_team,away_team,home_score,away_score,total_goals,gd,outcome,p_home,p_draw,p_away,brier,fav_side,p_fav,upset,fav_won,venue_city,stadium,lat,lon,tz,local_hour,daypart,temp_c,humidity_pct,apparent_c,heat_humidity_index
760415,2026-06-11,2026-06-11 19:00:00+00:00,group,Mexico,South Africa,2,0,2,2,H,0.8688,0.0664,0.0648,0.0258,H,0.8688,0.0,1.0,Mexico City,Estadio Azteca,19.3029,-99.1505,America/Mexico_City,13.0,midday(<15),22.6,53.0,25.1,11.978000000000002
760414,2026-06-12,2026-06-12 02:00:00+00:00,group,South Korea,Czech Republic,2,1,3,1,H,0.6072,0.115,0.2778,0.2447,H,0.6072,0.0,1.0,Guadalajara,Estadio Akron,20.6819,-103.4625,America/Mexico_City,20.0,evening(18-21),21.0,77.0,21.7,16.17
760416,2026-06-12,2026-06-12 19:00:00+00:00,group,Canada,Bosnia and Herzegovina,1,1,2,0,D,0.7044,0.2024,0.0932,1.141,H,0.7044,1.0,0.0,Toronto,BMO Field,43.6332,-79.4185,America/Toronto,15.0,afternoon(15-18),26.3,44.0,26.0,11.572000000000001
760417,2026-06-13,2026-06-13 01:00:00+00:00,group,United States,Paraguay,4,1,5,3,H,0.2734,0.277,0.4497,0.8069,A,0.4497,1.0,0.0,"Inglewood, California",SoFi Stadium,33.9535,-118.3392,America/Los_Angeles,18.0,evening(18-21),23.3,64.0,23.6,14.912
760420,2026-06-13,2026-06-13 19:00:00+00:00,group,Qatar,Switzerland,1,1,2,0,D,0.0609,0.1708,0.7683,1.2816,A,0.7683,1.0,0.0,"Santa Clara, California",Levi's Stadium,37.403,-121.97,America/Los_Angeles,12.0,midday(<15),26.1,43.0,28.2,11.222999999999999
760419,2026-06-13,2026-06-13 22:00:00+00:00,group,Brazil,Morocco,1,1,2,0,D,0.3774,0.2829,0.3397,0.7721,H,0.3774,1.0,0.0,"East Rutherford, New Jersey",MetLife Stadium,40.8135,-74.0745,America/New_York,18.0,evening(18-21),31.3,29.0,30.1,9.077
760418,2026-06-14,2026-06-14 01:00:00+00:00,group,Haiti,Scotland,0,1,1,-1,A,0.2027,0.2605,0.5367,0.3236,A,0.5367,0.0,1.0,"Foxborough, Massachusetts",Gillette Stadium,42.0909,-71.2643,America/New_York,21.0,night(>=21),25.2,42.0,24.0,10.583999999999998
760421,2026-06-14,2026-06-14 04:00:00+00:00,group,Australia,Turkey,2,0,2,2,H,0.2341,0.2693,0.4965,0.9056,A,0.4965,1.0,0.0,Vancouver,BC Place,49.2768,-123.112,America/Vancouver,21.0,night(>=21),22.6,46.0,21.0,10.396
760422,2026-06-14,2026-06-14 17:00:00+00:00,group,Germany,Curaçao,7,1,8,6,H,0.7315,0.1897,0.0788,0.1143,H,0.7315,0.0,1.0,"Houston, Texas",NRG Stadium,29.6847,-95.4107,America/Chicago,12.0,midday(<15),29.5,73.0,34.3,21.535
760425,2026-06-14,2026-06-14 20:00:00+00:00,group,Netherlands,Japan,2,2,4,0,D,0.3387,0.2828,0.3784,0.7723,A,0.3784,1.0,0.0,"Arlington, Texas",AT&T Stadium,32.7473,-97.0945,America/Chicago,15.0,afternoon(15-18),28.6,70.0,31.9,20.02
760423,2026-06-14,2026-06-14 23:00:00+00:00,group,Ivory Coast,Ecuador,1,0,1,1,H,0.1265,0.226,0.6475,1.2333,A,0.6475,1.0,0.0,"Philadelphia, Pennsylvania",Lincoln Financial Field,39.9008,-75.1675,America/New_York,19.0,evening(18-21),28.3,47.0,27.5,13.301000000000002
760424,2026-06-15,2026-06-15 02:00:00+00:00,group,Sweden,Tunisia,5,1,6,4,H,0.4007,0.2818,0.3175,0.5394,H,0.4007,0.0,1.0,Guadalupe,Estadio BBVA (Monterrey),25.669,-100.244,America/Monterrey,20.0,evening(18-21),25.5,85.0,30.1,21.675
760428,2026-06-15,2026-06-15 16:00:00+00:00,group,Spain,Cape Verde,0,0,0,0,D,0.8776,0.103,0.0194,1.5752,H,0.8776,1.0,0.0,"Atlanta, Georgia",Mercedes-Benz Stadium,33.7554,-84.4008,America/New_York,12.0,midday(<15),26.1,54.0,28.2,14.094000000000001
760426,2026-06-15,2026-06-15 19:00:00+00:00,group,Belgium,Egypt,1,1,2,0,D,0.5079,0.267,0.2251,0.8459,H,0.5079,1.0,0.0,"Seattle, Washington",Lumen Field,47.5952,-122.3316,America/Los_Angeles,12.0,midday(<15),27.5,38.0,29.5,10.45
760429,2026-06-15,2026-06-15 22:00:00+00:00,group,Saudi Arabia,Uruguay,1,1,2,0,D,0.1307,0.2286,0.6406,1.0225,A,0.6406,1.0,0.0,"Miami Gardens, Florida",Hard Rock Stadium,25.958,-80.2389,America/New_York,18.0,evening(18-21),31.7,54.0,34.7,17.118
760427,2026-06-16,2026-06-16 01:00:00+00:00,group,Iran,New Zealand,2,2,4,0,D,0.569,0.2518,0.1792,0.9157,H,0.569,1.0,0.0,"Inglewood, California",SoFi Stadium,33.9535,-118.3392,America/Los_Angeles,18.0,evening(18-21),21.9,63.0,21.6,13.796999999999999
760432,2026-06-16,2026-06-16 19:00:00+00:00,group,France,Senegal,3,1,4,2,H,0.5921,0.2452,0.1627,0.253,H,0.5921,0.0,1.0,"East Rutherford, New Jersey",MetLife Stadium,40.8135,-74.0745,America/New_York,15.0,afternoon(15-18),24.6,34.0,25.3,8.364
760430,2026-06-16,2026-06-16 22:00:00+00:00,group,Iraq,Norway,1,4,5,-3,A,0.1274,0.2265,0.6461,0.1928,A,0.6461,0.0,1.0,"Foxborough, Massachusetts",Gillette Stadium,42.0909,-71.2643,America/New_York,18.0,evening(18-21),23.3,37.0,21.6,8.621
760433,2026-06-17,2026-06-17 01:00:00+00:00,group,Argentina,Algeria,3,0,3,3,H,0.6294,0.2327,0.1379,0.2105,H,0.6294,0.0,1.0,"Kansas City, Missouri",Arrowhead Stadium,39.0489,-94.4839,America/Chicago,20.0,evening(18-21),24.9,58.0,26.3,14.441999999999998
760431,2026-06-17,2026-06-17 04:00:00+00:00,group,Austria,Jordan,3,1,4,2,H,0.4537,0.2764,0.2699,0.4477,H,0.4537,0.0,1.0,"Santa Clara, California",Levi's Stadium,37.403,-121.97,America/Los_Angeles,21.0,night(>=21),16.8,74.0,15.8,12.432
760435,2026-06-17,2026-06-17 17:00:00+00:00,group,Portugal,DR Congo,1,1,2,0,D,0.6084,0.2397,0.1519,0.9713,H,0.6084,1.0,0.0,"Houston, Texas",NRG Stadium,29.6847,-95.4107,America/Chicago,12.0,midday(<15),28.6,79.0,33.2,22.594
760437,2026-06-17,2026-06-17 20:00:00+00:00,group,England,Croatia,4,2,6,2,H,0.5287,0.2625,0.2088,0.3346,H,0.5287,0.0,1.0,"Arlington, Texas",AT&T Stadium,32.7473,-97.0945,America/Chicago,15.0,afternoon(15-18),32.5,52.0,35.2,16.9
760434,2026-06-17,2026-06-17 23:00:00+00:00,group,Ghana,Panama,1,0,1,1,H,0.1563,0.2422,0.6015,1.1323,A,0.6015,1.0,0.0,Toronto,BMO Field,43.6332,-79.4185,America/Toronto,19.0,evening(18-21),18.7,75.0,18.1,14.025
760436,2026-06-18,2026-06-18 02:00:00+00:00,group,Uzbekistan,Colombia,1,3,4,-2,A,0.1583,0.2431,0.5987,0.2452,A,0.5987,0.0,1.0,Mexico City,Estadio Azteca,19.3029,-99.1505,America/Mexico_City,20.0,evening(18-21),17.9,82.0,19.3,14.677999999999999
760438,2026-06-18,2026-06-18 16:00:00+00:00,group,Czech Republic,South Africa,1,1,2,0,D,0.4808,0.2722,0.247,0.8219,H,0.4808,1.0,0.0,"Atlanta, Georgia",Mercedes-Benz Stadium,33.7554,-84.4008,America/New_York,12.0,midday(<15),27.7,76.0,31.5,21.052
760439,2026-06-18,2026-06-18 19:00:00+00:00,group,Switzerland,Bosnia and Herzegovina,4,1,5,3,H,0.6407,0.2286,0.1307,0.1984,H,0.6407,0.0,1.0,"Inglewood, California",SoFi Stadium,33.9535,-118.3392,America/Los_Angeles,12.0,midday(<15),21.4,60.0,21.3,12.84
760440,2026-06-18,2026-06-18 22:00:00+00:00,group,Canada,Qatar,6,0,6,6,H,0.7443,0.1832,0.0724,0.1042,H,0.7443,0.0,1.0,Vancouver,BC Place,49.2768,-123.112,America/Vancouver,15.0,afternoon(15-18),20.3,56.0,19.7,11.368
760441,2026-06-19,2026-06-19 01:00:00+00:00,group,Mexico,South Korea,1,0,1,1,H,0.4818,0.272,0.2461,0.4031,H,0.4818,0.0,1.0,Guadalajara,Estadio Akron,20.6819,-103.4625,America/Mexico_City,19.0,evening(18-21),20.9,80.0,22.0,16.72
760442,2026-06-19,2026-06-19 19:00:00+00:00,group,United States,Australia,2,0,2,2,H,0.376,0.2821,0.3418,0.5858,H,0.376,0.0,1.0,"Seattle, Washington",Lumen Field,47.5952,-122.3316,America/Los_Angeles,12.0,midday(<15),23.2,45.0,23.0,10.44
760445,2026-06-19,2026-06-19 22:00:00+00:00,group,Scotland,Morocco,0,1,1,-1,A,0.2514,0.2731,0.4755,0.4129,A,0.4755,0.0,1.0,"Foxborough, Massachusetts",Gillette Stadium,42.0909,-71.2643,America/New_York,18.0,evening(18-21),24.2,45.0,21.8,10.89
760444,2026-06-20,2026-06-20 00:30:00+00:00,group,Brazil,Haiti,3,0,3,3,H,0.7356,0.1877,0.0767,0.111,H,0.7356,0.0,1.0,"Philadelphia, Pennsylvania",Lincoln Financial Field,39.9008,-75.1675,America/New_York,20.5,evening(18-21),26.7,31.0,23.9,8.277
760443,2026-06-20,2026-06-20 03:00:00+00:00,group,Turkey,Paraguay,0,1,1,-1,A,0.4132,0.2805,0.3063,0.7306,H,0.4132,1.0,0.0,"Santa Clara, California",Levi's Stadium,37.403,-121.97,America/Los_Angeles,20.0,evening(18-21),20.5,58.0,19.3,11.89
760447,2026-06-20,2026-06-20 17:00:00+00:00,group,Netherlands,Sweden,5,1,6,4,H,0.5201,0.2645,0.2155,0.3467,H,0.5201,0.0,1.0,"Houston, Texas",NRG Stadium,29.6847,-95.4107,America/Chicago,12.0,midday(<15),27.7,82.0,32.6,22.714000000000002
760448,2026-06-20,2026-06-20 20:00:00+00:00,group,Germany,Ivory Coast,2,1,3,1,H,0.5268,0.2628,0.2103,0.3372,H,0.5268,0.0,1.0,Toronto,BMO Field,43.6332,-79.4185,America/Toronto,16.0,afternoon(15-18),23.0,38.0,22.3,8.74
760446,2026-06-21,2026-06-21 00:00:00+00:00,group,Ecuador,Curaçao,0,0,0,0,D,0.7544,0.1781,0.0674,1.2492,H,0.7544,1.0,0.0,"Kansas City, Missouri",Arrowhead Stadium,39.0489,-94.4839,America/Chicago,19.0,evening(18-21),26.5,61.0,27.9,16.165
760449,2026-06-21,2026-06-21 04:00:00+00:00,group,Tunisia,Japan,0,4,4,-4,A,0.07,0.1809,0.7492,0.1005,A,0.7492,0.0,1.0,Guadalupe,Estadio BBVA (Monterrey),25.669,-100.244,America/Monterrey,22.0,night(>=21),23.3,96.0,28.0,22.368000000000002
760453,2026-06-21,2026-06-21 16:00:00+00:00,group,Spain,Saudi Arabia,4,0,4,4,H,0.8339,0.1324,0.0337,0.0463,H,0.8339,0.0,1.0,"Atlanta, Georgia",Mercedes-Benz Stadium,33.7554,-84.4008,America/New_York,12.0,midday(<15),26.8,66.0,30.3,17.688
760451,2026-06-21,2026-06-21 19:00:00+00:00,group,Belgium,Iran,0,0,0,0,D,0.4595,0.2756,0.2649,0.8061,H,0.4595,1.0,0.0,"Inglewood, California",SoFi Stadium,33.9535,-118.3392,America/Los_Angeles,12.0,midday(<15),22.5,56.0,23.6,12.6
760450,2026-06-21,2026-06-21 22:00:00+00:00,group,Uruguay,Cape Verde,2,2,4,0,D,0.6482,0.2257,0.126,1.0356,H,0.6482,1.0,0.0,"Miami Gardens, Florida",Hard Rock Stadium,25.958,-80.2389,America/New_York,18.0,evening(18-21),31.4,58.0,35.3,18.212
760452,2026-06-22,2026-06-22 01:00:00+00:00,group,New Zealand,Egypt,1,3,4,-2,A,0.2414,0.271,0.4876,0.3943,A,0.4876,0.0,1.0,Vancouver,BC Place,49.2768,-123.112,America/Vancouver,18.0,evening(18-21),22.0,41.0,20.2,9.02
760456,2026-06-22,2026-06-22 17:00:00+00:00,group,Argentina,Austria,2,0,2,2,H,0.6337,0.2311,0.1351,0.2058,H,0.6337,0.0,1.0,"Arlington, Texas",AT&T Stadium,32.7473,-97.0945,America/Chicago,12.0,midday(<15),29.1,73.0,35.1,21.243000000000002
760457,2026-06-22,2026-06-22 21:00:00+00:00,group,France,Iraq,3,0,3,3,H,0.7605,0.175,0.0646,0.0922,H,0.7605,0.0,1.0,"Philadelphia, Pennsylvania",Lincoln Financial Field,39.9008,-75.1675,America/New_York,17.0,afternoon(15-18),30.6,44.0,30.3,13.464
760454,2026-06-23,2026-06-23 00:00:00+00:00,group,Norway,Senegal,3,2,5,1,H,0.5487,0.2575,0.1938,0.3075,H,0.5487,0.0,1.0,"East Rutherford, New Jersey",MetLife Stadium,40.8135,-74.0745,America/New_York,20.0,evening(18-21),21.3,92.0,23.7,19.596
760455,2026-06-23,2026-06-23 03:00:00+00:00,group,Jordan,Algeria,1,2,3,-1,A,0.2078,0.2622,0.5299,0.3329,A,0.5299,0.0,1.0,"Santa Clara, California",Levi's Stadium,37.403,-121.97,America/Los_Angeles,20.0,evening(18-21),17.4,69.0,16.3,12.005999999999998
760461,2026-06-23,2026-06-23 17:00:00+00:00,group,Portugal,Uzbekistan,5,0,5,5,H,0.5911,0.2455,0.1634,0.2542,H,0.5911,0.0,1.0,"Houston, Texas",NRG Stadium,29.6847,-95.4107,America/Chicago,12.0,midday(<15),31.3,67.0,37.9,20.971
760458,2026-06-23,2026-06-23 20:00:00+00:00,group,England,Ghana,0,0,0,0,D,0.7828,0.1629,0.0543,1.3165,H,0.7828,1.0,0.0,"Foxborough, Massachusetts",Gillette Stadium,42.0909,-71.2643,America/New_York,16.0,afternoon(15-18),19.6,96.0,21.4,18.816000000000003
760460,2026-06-23,2026-06-23 23:00:00+00:00,group,Panama,Croatia,0,1,1,-1,A,0.2114,0.2633,0.5253,0.3394,A,0.5253,0.0,1.0,Toronto,BMO Field,43.6332,-79.4185,America/Toronto,19.0,evening(18-21),22.1,50.0,20.3,11.05
760459,2026-06-24,2026-06-24 02:00:00+00:00,group,Colombia,DR Congo,1,0,1,1,H,0.671,0.2165,0.1125,0.1678,H,0.671,0.0,1.0,Guadalajara,Estadio Akron,20.6819,-103.4625,America/Mexico_City,20.0,evening(18-21),18.4,88.0,19.5,16.191999999999997
760463,2026-06-24,2026-06-24 19:00:00+00:00,group,Switzerland,Canada,2,1,3,1,H,0.3176,0.3359,0.3466,0.6986,A,0.3466,1.0,0.0,Vancouver,BC Place,49.2768,-123.112,America/Vancouver,12.0,midday(<15),24.1,45.0,25.0,10.845
760462,2026-06-24,2026-06-24 19:00:00+00:00,group,Bosnia and Herzegovina,Qatar,3,1,4,2,H,0.407,0.3307,0.2622,0.5298,H,0.407,0.0,1.0,"Seattle, Washington",Lumen Field,47.5952,-122.3316,America/Los_Angeles,12.0,midday(<15),27.0,36.0,28.6,9.72
760464,2026-06-24,2026-06-24 22:00:00+00:00,group,Morocco,Haiti,4,2,6,2,H,0.6851,0.2357,0.0792,0.161,H,0.6851,0.0,1.0,"Atlanta, Georgia",Mercedes-Benz Stadium,33.7554,-84.4008,America/New_York,18.0,evening(18-21),28.5,43.0,29.4,12.255
760465,2026-06-24,2026-06-24 22:00:00+00:00,group,Scotland,Brazil,0,3,3,-3,A,0.1853,0.3096,0.5051,0.3751,A,0.5051,0.0,1.0,"Miami Gardens, Florida",Hard Rock Stadium,25.958,-80.2389,America/New_York,18.0,evening(18-21),27.3,87.0,33.6,23.750999999999998
760467,2026-06-25,2026-06-25 01:00:00+00:00,group,Czech Republic,Mexico,0,3,3,-3,A,0.0941,0.2511,0.6548,0.1911,A,0.6548,0.0,1.0,Mexico City,Estadio Azteca,19.3029,-99.1505,America/Mexico_City,19.0,evening(18-21),19.0,61.0,18.5,11.59
760466,2026-06-25,2026-06-25 01:00:00+00:00,group,South Africa,South Korea,1,0,1,1,H,0.14,0.2867,0.5732,1.1504,A,0.5732,1.0,0.0,Guadalupe,Estadio BBVA (Monterrey),25.669,-100.244,America/Monterrey,19.0,evening(18-21),29.6,57.0,31.1,16.872
760473,2026-06-25,2026-06-25 20:00:00+00:00,group,Curaçao,Ivory Coast,0,2,2,-2,A,0.1805,0.2853,0.5343,0.3309,A,0.5343,0.0,1.0,"Philadelphia, Pennsylvania",Lincoln Financial Field,39.9008,-75.1675,America/New_York,16.0,afternoon(15-18),29.2,35.0,28.6,10.22
760468,2026-06-25,2026-06-25 20:00:00+00:00,group,Ecuador,Germany,2,1,3,1,H,0.2579,0.3075,0.4346,0.8341,A,0.4346,1.0,0.0,"East Rutherford, New Jersey",MetLife Stadium,40.8135,-74.0745,America/New_York,16.0,afternoon(15-18),27.9,39.0,26.5,10.880999999999998
760471,2026-06-25,2026-06-25 23:00:00+00:00,group,Japan,Sweden,1,1,2,0,D,0.572,0.2733,0.1547,0.8792,H,0.572,1.0,0.0,"Arlington, Texas",AT&T Stadium,32.7473,-97.0945,America/Chicago,18.0,evening(18-21),33.2,46.0,34.2,15.272
760472,2026-06-25,2026-06-25 23:00:00+00:00,group,Tunisia,Netherlands,1,3,4,-2,A,0.0577,0.191,0.7513,0.1017,A,0.7513,0.0,1.0,"Kansas City, Missouri",Arrowhead Stadium,39.0489,-94.4839,America/Chicago,18.0,evening(18-21),22.2,91.0,24.9,20.202
760470,2026-06-26,2026-06-26 02:00:00+00:00,group,Turkey,United States,3,2,5,1,H,0.1395,0.264,0.5965,1.166,A,0.5965,1.0,0.0,"Inglewood, California",SoFi Stadium,33.9535,-118.3392,America/Los_Angeles,19.0,evening(18-21),19.8,67.0,19.4,13.266000000000002
760469,2026-06-26,2026-06-26 02:00:00+00:00,group,Paraguay,Australia,0,0,0,0,D,0.3415,0.3147,0.3438,0.7045,A,0.3438,1.0,0.0,"Santa Clara, California",Levi's Stadium,37.403,-121.97,America/Los_Angeles,19.0,evening(18-21),20.1,54.0,18.2,10.854000000000001
760475,2026-06-26,2026-06-26 19:00:00+00:00,group,Norway,France,1,4,5,-3,A,0.296,0.3072,0.3968,0.5458,A,0.3968,0.0,1.0,"Foxborough, Massachusetts",Gillette Stadium,42.0909,-71.2643,America/New_York,15.0,afternoon(15-18),20.9,92.0,22.6,19.227999999999998
760474,2026-06-26,2026-06-26 19:00:00+00:00,group,Senegal,Iraq,5,0,5,5,H,0.455,0.2995,0.2454,0.4469,H,0.455,0.0,1.0,Toronto,BMO Field,43.6332,-79.4185,America/Toronto,15.0,afternoon(15-18),20.1,82.0,22.0,16.482
760478,2026-06-27,2026-06-27 00:00:00+00:00,group,Cape Verde,Saudi Arabia,0,0,0,0,D,0.3193,0.3089,0.3718,0.7178,A,0.3718,1.0,0.0,"Houston, Texas",NRG Stadium,29.6847,-95.4107,America/Chicago,19.0,evening(18-21),30.9,61.0,33.8,18.849
760479,2026-06-27,2026-06-27 00:00:00+00:00,group,Uruguay,Spain,0,1,1,-1,A,0.1035,0.2346,0.6619,0.1801,A,0.6619,0.0,1.0,Guadalajara,Estadio Akron,20.6819,-103.4625,America/Mexico_City,18.0,evening(18-21),23.4,56.0,24.4,13.104
760476,2026-06-27,2026-06-27 03:00:00+00:00,group,Egypt,Iran,1,1,2,0,D,0.3784,0.3085,0.3131,0.7194,H,0.3784,1.0,0.0,"Seattle, Washington",Lumen Field,47.5952,-122.3316,America/Los_Angeles,20.0,evening(18-21),17.1,69.0,14.4,11.799000000000001
760477,2026-06-27,2026-06-27 03:00:00+00:00,group,New Zealand,Belgium,1,5,6,-4,A,0.1221,0.2484,0.6295,0.2139,A,0.6295,0.0,1.0,Vancouver,BC Place,49.2768,-123.112,America/Vancouver,20.0,evening(18-21),15.9,81.0,16.0,12.879000000000001
760485,2026-06-27,2026-06-27 21:00:00+00:00,group,Panama,England,0,2,2,-2,A,0.0842,0.1993,0.7164,0.1272,A,0.7164,0.0,1.0,"East Rutherford, New Jersey",MetLife Stadium,40.8135,-74.0745,America/New_York,17.0,afternoon(15-18),22.1,86.0,25.5,19.006
760480,2026-06-27,2026-06-27 21:00:00+00:00,group,Croatia,Ghana,2,1,3,1,H,0.6013,0.246,0.1527,0.2428,H,0.6013,0.0,1.0,"Philadelphia, Pennsylvania",Lincoln Financial Field,39.9008,-75.1675,America/New_York,17.0,afternoon(15-18),23.3,78.0,25.3,18.174
760482,2026-06-27,2026-06-27 23:30:00+00:00,group,DR Congo,Uzbekistan,3,1,4,2,H,0.4095,0.2865,0.3039,0.5231,H,0.4095,0.0,1.0,"Atlanta, Georgia",Mercedes-Benz Stadium,33.7554,-84.4008,America/New_York,19.5,evening(18-21),30.6,52.0,32.6,15.912
760481,2026-06-27,2026-06-27 23:30:00+00:00,group,Colombia,Portugal,0,0,0,0,D,0.4455,0.2827,0.2719,0.7869,H,0.4455,1.0,0.0,"Miami Gardens, Florida",Hard Rock Stadium,25.958,-80.2389,America/New_York,19.5,evening(18-21),29.8,63.0,33.9,18.774
760484,2026-06-28,2026-06-28 02:00:00+00:00,group,Algeria,Austria,3,3,6,0,D,0.3705,0.2886,0.3408,0.7595,H,0.3705,1.0,0.0,"Kansas City, Missouri",Arrowhead Stadium,39.0489,-94.4839,America/Chicago,21.0,night(>=21),26.2,82.0,30.1,21.484
760483,2026-06-28,2026-06-28 02:00:00+00:00,group,Jordan,Argentina,1,3,4,-2,A,0.032,0.1327,0.8354,0.0457,A,0.8354,0.0,1.0,"Arlington, Texas",AT&T Stadium,32.7473,-97.0945,America/Chicago,21.0,night(>=21),32.1,53.0,33.7,17.013
760486,2026-06-28,2026-06-28 19:00:00+00:00,r32,South Africa,Canada,0,1,1,-1,A,0.347,0.0,0.653,0.2408,A,0.653,0.0,1.0,"Inglewood, California",SoFi Stadium,33.9535,-118.3392,America/Los_Angeles,12.0,midday(<15),23.1,48.0,23.0,11.088000000000001
760487,2026-06-29,2026-06-29 17:00:00+00:00,r32,Brazil,Japan,2,1,3,1,H,0.6062,0.0,0.3938,0.3102,H,0.6062,0.0,1.0,"Houston, Texas",NRG Stadium,29.6847,-95.4107,America/Chicago,12.0,midday(<15),33.4,57.0,38.9,19.038
760489,2026-06-29,2026-06-29 20:30:00+00:00,r32,Germany,Paraguay,1,1,2,0,D,0.5471,0.0,0.4529,0.5986,H,0.5471,1.0,0.0,"Foxborough, Massachusetts",Gillette Stadium,42.0909,-71.2643,America/New_York,16.5,afternoon(15-18),27.3,48.0,28.4,13.104000000000001
760488,2026-06-30,2026-06-30 01:00:00+00:00,r32,Netherlands,Morocco,1,1,2,0,D,0.4566,0.0,0.5434,0.417,A,0.5434,1.0,0.0,Guadalupe,Estadio BBVA (Monterrey),25.669,-100.244,America/Monterrey,19.0,evening(18-21),30.2,54.0,31.1,16.308
760490,2026-06-30,2026-06-30 17:00:00+00:00,r32,Ivory Coast,Norway,1,2,3,-1,A,0.2859,0.0,0.7141,0.1635,A,0.7141,0.0,1.0,"Arlington, Texas",AT&T Stadium,32.7473,-97.0945,America/Chicago,12.0,midday(<15),33.0,47.0,36.4,15.51
760492,2026-06-30,2026-06-30 21:00:00+00:00,r32,France,Sweden,3,0,3,3,H,0.8648,0.0,0.1352,0.0366,H,0.8648,0.0,1.0,"East Rutherford, New Jersey",MetLife Stadium,40.8135,-74.0745,America/New_York,17.0,afternoon(15-18),32.6,41.0,33.3,13.366000000000001
760491,2026-07-01,2026-07-01 02:00:00+00:00,r32,Mexico,Ecuador,2,0,2,2,H,,,,,,,,,Mexico City,Estadio Azteca,19.3029,-99.1505,America/Mexico_City,20.0,evening(18-21),15.1,90.0,15.7,13.59
